name,date,count,status
Bay,2020-04-19,55,Status.UNDER_CONTROL
Bay,2020-04-20,63.148148148148145,Status.UNDER_CONTROL
Bay,2020-04-21,72.5034293552812,Status.UNDER_CONTROL
Bay,2020-04-22,83.24467814865619,Status.UNDER_CONTROL
Bay,2020-04-23,95.57722305956821,Status.UNDER_CONTROL
Bay,2020-04-24,109.73681166098572,Status.UNDER_CONTROL
Bay,2020-04-25,125.99411709224287,Status.UNDER_CONTROL
Bay,2020-04-26,144.6599122170196,Status.UNDER_CONTROL
Bay,2020-04-27,166.09101032324475,Status.UNDER_CONTROL
Bay,2020-04-28,190.6970859266884,Status.UNDER_CONTROL
Bay,2020-04-29,218.94850606397557,Status.UNDER_CONTROL
Bay,2020-04-30,251.38532177715715,Status.UNDER_CONTROL
Bay,2020-05-01,288.6275916700693,Status.UNDER_CONTROL
Bay,2020-05-02,331.38723488044997,Status.UNDER_CONTROL
Bay,2020-05-03,380.48164004792403,Status.UNDER_CONTROL
Bay,2020-05-04,436.84929042539426,Status.UNDER_CONTROL
Bay,2020-05-05,501.567703821749,Status.ABOVE_THRESHOULD
Bay,2020-05-06,575.87403031386,Status.ABOVE_THRESHOULD
Bay,2020-05-07,661.1887014714689,Status.ABOVE_THRESHOULD
Bay,2020-05-08,759.1425831709457,Status.ABOVE_THRESHOULD
Bay,2020-05-09,871.6081510481229,Status.RED_ALERT
Bay,2020-05-10,1000.7352845367336,Status.RED_ALERT
Bay,2020-05-11,1148.9923637273607,Status.RED_ALERT
Bay,2020-05-12,1319.2134546499326,Status.RED_ALERT
Bay,2020-05-13,1514.652484968441,Status.RED_ALERT
Bay,2020-05-14,1739.0454457045064,Status.RED_ALERT
Bay,2020-05-15,1996.6818080311,Status.RED_ALERT
Bay,2020-05-16,2292.4865203320037,Status.RED_ALERT
Bay,2020-05-17,2632.114152973782,Status.RED_ALERT
Bay,2020-05-18,3022.0569904513795,Status.RED_ALERT
Bay,2020-05-19,3469.7691371849173,Status.RED_ALERT
Bradford,2020-04-19,42,Status.ABOVE_THRESHOULD
Bradford,2020-04-20,49.30434782608695,Status.ABOVE_THRESHOULD
Bradford,2020-04-21,57.87901701323251,Status.ABOVE_THRESHOULD
Bradford,2020-04-22,67.94493301553382,Status.RED_ALERT
Bradford,2020-04-23,79.76144310519187,Status.RED_ALERT
Bradford,2020-04-24,93.63299842783394,Status.RED_ALERT
Bradford,2020-04-25,109.91699815441376,Status.RED_ALERT
Bradford,2020-04-26,129.03299783344224,Status.RED_ALERT
Bradford,2020-04-27,151.47351919578003,Status.RED_ALERT
Bradford,2020-04-28,177.8167399254809,Status.RED_ALERT
Bradford,2020-04-29,208.74139034730368,Status.RED_ALERT
Bradford,2020-04-30,245.04424084248694,Status.RED_ALERT
Bradford,2020-05-01,287.6606305542238,Status.RED_ALERT
Bradford,2020-05-02,337.68856630278447,Status.RED_ALERT
Brevard,2020-04-19,215,Status.UNDER_CONTROL
Brevard,2020-04-20,258.0,Status.UNDER_CONTROL
Brevard,2020-04-21,309.6,Status.UNDER_CONTROL
Brevard,2020-04-22,371.52000000000004,Status.UNDER_CONTROL
Brevard,2020-04-23,445.82400000000007,Status.UNDER_CONTROL
Brevard,2020-04-24,534.9888000000001,Status.UNDER_CONTROL
Brevard,2020-04-25,641.98656,Status.UNDER_CONTROL
Brevard,2020-04-26,770.3838720000001,Status.UNDER_CONTROL
Brevard,2020-04-27,924.4606464000001,Status.UNDER_CONTROL
Brevard,2020-04-28,1109.3527756800001,Status.UNDER_CONTROL
Brevard,2020-04-29,1331.2233308160003,Status.UNDER_CONTROL
Brevard,2020-04-30,1597.4679969792003,Status.UNDER_CONTROL
Brevard,2020-05-01,1916.9615963750402,Status.UNDER_CONTROL
Brevard,2020-05-02,2300.3539156500483,Status.ABOVE_THRESHOULD
Brevard,2020-05-03,2760.424698780058,Status.ABOVE_THRESHOULD
Brevard,2020-05-04,3312.5096385360694,Status.ABOVE_THRESHOULD
Brevard,2020-05-05,3975.011566243283,Status.RED_ALERT
Brevard,2020-05-06,4770.01387949194,Status.RED_ALERT
Brevard,2020-05-07,5724.016655390328,Status.RED_ALERT
Brevard,2020-05-08,6868.819986468394,Status.RED_ALERT
Brevard,2020-05-09,8242.583983762073,Status.RED_ALERT
Brevard,2020-05-10,9891.100780514487,Status.RED_ALERT
Brevard,2020-05-11,11869.320936617385,Status.RED_ALERT
Brevard,2020-05-12,14243.185123940862,Status.RED_ALERT
Brevard,2020-05-13,17091.822148729036,Status.RED_ALERT
Brevard,2020-05-14,20510.186578474844,Status.RED_ALERT
Brevard,2020-05-15,24612.223894169812,Status.RED_ALERT
Broward,2020-04-19,3971,Status.UNDER_CONTROL
Broward,2020-04-20,4438.176470588235,Status.UNDER_CONTROL
Broward,2020-04-21,4960.314878892734,Status.UNDER_CONTROL
Broward,2020-04-22,5543.881335233055,Status.UNDER_CONTROL
Broward,2020-04-23,6196.102668789886,Status.UNDER_CONTROL
Broward,2020-04-24,6925.055923941637,Status.UNDER_CONTROL
Broward,2020-04-25,7739.7683855818295,Status.ABOVE_THRESHOULD
Broward,2020-04-26,8650.329372120868,Status.ABOVE_THRESHOULD
Broward,2020-04-27,9668.015180605677,Status.ABOVE_THRESHOULD
Broward,2020-04-28,10805.428731265169,Status.ABOVE_THRESHOULD
Broward,2020-04-29,12076.655640825777,Status.RED_ALERT
Broward,2020-04-30,13497.438657393515,Status.RED_ALERT
Broward,2020-05-01,15085.37261708687,Status.RED_ALERT
Broward,2020-05-02,16860.12233674415,Status.RED_ALERT
Broward,2020-05-03,18843.66614106699,Status.RED_ALERT
Broward,2020-05-04,21060.56804001605,Status.RED_ALERT
Broward,2020-05-05,23538.28192707676,Status.RED_ALERT
Broward,2020-05-06,26307.491565556382,Status.RED_ALERT
Broward,2020-05-07,29402.490573268897,Status.RED_ALERT
Broward,2020-05-08,32861.60711130053,Status.RED_ALERT
Broward,2020-05-09,36727.678536159416,Status.RED_ALERT
Charlotte,2020-04-19,138,Status.UNDER_CONTROL
Charlotte,2020-04-20,149.26530612244898,Status.UNDER_CONTROL
Charlotte,2020-04-21,161.45022907122032,Status.UNDER_CONTROL
Charlotte,2020-04-22,174.62983960764646,Status.UNDER_CONTROL
Charlotte,2020-04-23,188.88533671847475,Status.UNDER_CONTROL
Charlotte,2020-04-24,204.30454787916656,Status.UNDER_CONTROL
Charlotte,2020-04-25,220.9824701550169,Status.UNDER_CONTROL
Charlotte,2020-04-26,239.02185547379378,Status.UNDER_CONTROL
Charlotte,2020-04-27,258.53384367573614,Status.UNDER_CONTROL
Charlotte,2020-04-28,279.6386472411024,Status.UNDER_CONTROL
Charlotte,2020-04-29,302.46629191384545,Status.UNDER_CONTROL
Charlotte,2020-04-30,327.1574177843635,Status.UNDER_CONTROL
Charlotte,2020-05-01,353.8641457667605,Status.UNDER_CONTROL
Charlotte,2020-05-02,382.751014808945,Status.UNDER_CONTROL
Charlotte,2020-05-03,413.9959956096752,Status.UNDER_CONTROL
Charlotte,2020-05-04,447.79158708801606,Status.UNDER_CONTROL
Charlotte,2020-05-05,484.34600236050716,Status.UNDER_CONTROL
Charlotte,2020-05-06,523.8844515327935,Status.UNDER_CONTROL
Charlotte,2020-05-07,566.6505292089399,Status.UNDER_CONTROL
Charlotte,2020-05-08,612.9077152668126,Status.ABOVE_THRESHOULD
Charlotte,2020-05-09,662.9409981457361,Status.ABOVE_THRESHOULD
Charlotte,2020-05-10,717.0586306474288,Status.ABOVE_THRESHOULD
Charlotte,2020-05-11,775.594029067627,Status.ABOVE_THRESHOULD
Charlotte,2020-05-12,838.9078273588619,Status.ABOVE_THRESHOULD
Charlotte,2020-05-13,907.3900989799936,Status.ABOVE_THRESHOULD
Charlotte,2020-05-14,981.4627601212176,Status.RED_ALERT
Charlotte,2020-05-15,1061.5821691107046,Status.RED_ALERT
Charlotte,2020-05-16,1148.241938017701,Status.RED_ALERT
Charlotte,2020-05-17,1241.975973774248,Status.RED_ALERT
Charlotte,2020-05-18,1343.3617675517376,Status.RED_ALERT
Charlotte,2020-05-19,1453.023952658002,Status.RED_ALERT
Charlotte,2020-05-20,1571.6381528749816,Status.RED_ALERT
Charlotte,2020-05-21,1699.9351449464086,Status.RED_ALERT
Charlotte,2020-05-22,1838.7053608604012,Status.RED_ALERT
Charlotte,2020-05-23,1988.803757665332,Status.RED_ALERT
Charlotte,2020-05-24,2151.1550848216857,Status.RED_ALERT
Citrus,2020-04-19,84,Status.UNDER_CONTROL
Citrus,2020-04-20,90.0,Status.UNDER_CONTROL
Citrus,2020-04-21,96.42857142857143,Status.UNDER_CONTROL
Citrus,2020-04-22,103.31632653061224,Status.UNDER_CONTROL
Citrus,2020-04-23,110.69606413994168,Status.UNDER_CONTROL
Citrus,2020-04-24,118.60292586422324,Status.UNDER_CONTROL
Citrus,2020-04-25,127.07456342595347,Status.UNDER_CONTROL
Citrus,2020-04-26,136.1513179563787,Status.UNDER_CONTROL
Citrus,2020-04-27,145.87641209612005,Status.UNDER_CONTROL
Citrus,2020-04-28,156.29615581727148,Status.UNDER_CONTROL
Citrus,2020-04-29,167.4601669470766,Status.UNDER_CONTROL
Citrus,2020-04-30,179.42160744329635,Status.UNDER_CONTROL
Citrus,2020-05-01,192.23743654638895,Status.UNDER_CONTROL
Citrus,2020-05-02,205.96868201398817,Status.UNDER_CONTROL
Citrus,2020-05-03,220.68073072927305,Status.UNDER_CONTROL
Citrus,2020-05-04,236.44364006707826,Status.UNDER_CONTROL
Citrus,2020-05-05,253.332471500441,Status.UNDER_CONTROL
Citrus,2020-05-06,271.4276480361868,Status.UNDER_CONTROL
Citrus,2020-05-07,290.8153371816287,Status.UNDER_CONTROL
Citrus,2020-05-08,311.58786126603076,Status.UNDER_CONTROL
Citrus,2020-05-09,333.84413707074725,Status.UNDER_CONTROL
Citrus,2020-05-10,357.6901468615149,Status.UNDER_CONTROL
Citrus,2020-05-11,383.2394430659088,Status.ABOVE_THRESHOULD
Citrus,2020-05-12,410.613688999188,Status.ABOVE_THRESHOULD
Citrus,2020-05-13,439.9432382134157,Status.ABOVE_THRESHOULD
Citrus,2020-05-14,471.3677552286597,Status.ABOVE_THRESHOULD
Citrus,2020-05-15,505.0368806021354,Status.ABOVE_THRESHOULD
Citrus,2020-05-16,541.1109435022879,Status.ABOVE_THRESHOULD
Citrus,2020-05-17,579.7617251810227,Status.ABOVE_THRESHOULD
Citrus,2020-05-18,621.1732769796672,Status.RED_ALERT
Citrus,2020-05-19,665.5427967639291,Status.RED_ALERT
Citrus,2020-05-20,713.0815679613527,Status.RED_ALERT
Citrus,2020-05-21,764.0159656728779,Status.RED_ALERT
Citrus,2020-05-22,818.588534649512,Status.RED_ALERT
Citrus,2020-05-23,877.0591442673343,Status.RED_ALERT
Citrus,2020-05-24,939.7062260007153,Status.RED_ALERT
Citrus,2020-05-25,1006.8280992864807,Status.RED_ALERT
Citrus,2020-05-26,1078.7443920926578,Status.RED_ALERT
Citrus,2020-05-27,1155.7975629564191,Status.RED_ALERT
Citrus,2020-05-28,1238.3545317390206,Status.RED_ALERT
Clay,2020-04-19,247,Status.UNDER_CONTROL
Clay,2020-04-20,286.52,Status.UNDER_CONTROL
Clay,2020-04-21,332.3632,Status.UNDER_CONTROL
Clay,2020-04-22,385.541312,Status.UNDER_CONTROL
Clay,2020-04-23,447.22792192000003,Status.UNDER_CONTROL
Clay,2020-04-24,518.7843894272,Status.UNDER_CONTROL
Clay,2020-04-25,601.789891735552,Status.ABOVE_THRESHOULD
Clay,2020-04-26,698.0762744132403,Status.ABOVE_THRESHOULD
Clay,2020-04-27,809.7684783193588,Status.ABOVE_THRESHOULD
Clay,2020-04-28,939.3314348504562,Status.RED_ALERT
Clay,2020-04-29,1089.6244644265291,Status.RED_ALERT
Clay,2020-04-30,1263.9643787347738,Status.RED_ALERT
Clay,2020-05-01,1466.1986793323376,Status.RED_ALERT
Clay,2020-05-02,1700.7904680255117,Status.RED_ALERT
Clay,2020-05-03,1972.9169429095937,Status.RED_ALERT
Clay,2020-05-04,2288.583653775129,Status.RED_ALERT
Clay,2020-05-05,2654.7570383791494,Status.RED_ALERT
Clay,2020-05-06,3079.5181645198136,Status.RED_ALERT
Clay,2020-05-07,3572.241070842984,Status.RED_ALERT
Clay,2020-05-08,4143.799642177862,Status.RED_ALERT
Collier,2020-04-19,463,Status.UNDER_CONTROL
Collier,2020-04-20,514.4444444444445,Status.UNDER_CONTROL
Collier,2020-04-21,571.604938271605,Status.UNDER_CONTROL
Collier,2020-04-22,635.1165980795611,Status.UNDER_CONTROL
Collier,2020-04-23,705.68510897729,Status.UNDER_CONTROL
Collier,2020-04-24,784.0945655303223,Status.UNDER_CONTROL
Collier,2020-04-25,871.2161839225803,Status.UNDER_CONTROL
Collier,2020-04-26,968.0179821362003,Status.UNDER_CONTROL
Collier,2020-04-27,1075.5755357068892,Status.UNDER_CONTROL
Collier,2020-04-28,1195.0839285632103,Status.UNDER_CONTROL
Collier,2020-04-29,1327.8710317369002,Status.UNDER_CONTROL
Collier,2020-04-30,1475.4122574854448,Status.ABOVE_THRESHOULD
Collier,2020-05-01,1639.3469527616053,Status.ABOVE_THRESHOULD
Collier,2020-05-02,1821.4966141795614,Status.ABOVE_THRESHOULD
Collier,2020-05-03,2023.8851268661795,Status.ABOVE_THRESHOULD
Collier,2020-05-04,2248.761252073533,Status.RED_ALERT
Collier,2020-05-05,2498.6236134150367,Status.RED_ALERT
Collier,2020-05-06,2776.248459350041,Status.RED_ALERT
Collier,2020-05-07,3084.720510388934,Status.RED_ALERT
Collier,2020-05-08,3427.4672337654824,Status.RED_ALERT
Collier,2020-05-09,3808.2969264060916,Status.RED_ALERT
Collier,2020-05-10,4231.4410293401015,Status.RED_ALERT
Collier,2020-05-11,4701.601143711224,Status.RED_ALERT
Collier,2020-05-12,5224.001270790249,Status.RED_ALERT
Collier,2020-05-13,5804.44585643361,Status.RED_ALERT
Collier,2020-05-14,6449.384284926234,Status.RED_ALERT
Columbia,2020-04-19,39,Status.UNDER_CONTROL
Columbia,2020-04-20,45.78260869565217,Status.UNDER_CONTROL
Columbia,2020-04-21,53.74480151228733,Status.UNDER_CONTROL
Columbia,2020-04-22,63.09172351442426,Status.UNDER_CONTROL
Columbia,2020-04-23,74.06419716910673,Status.UNDER_CONTROL
Columbia,2020-04-24,86.94492711156008,Status.UNDER_CONTROL
Columbia,2020-04-25,102.06578400052705,Status.UNDER_CONTROL
Columbia,2020-04-26,119.81635513105348,Status.UNDER_CONTROL
Columbia,2020-04-27,140.65398211036714,Status.UNDER_CONTROL
Columbia,2020-04-28,165.11554421651795,Status.ABOVE_THRESHOULD
Columbia,2020-04-29,193.83129103678195,Status.ABOVE_THRESHOULD
Columbia,2020-04-30,227.54108078230925,Status.ABOVE_THRESHOULD
Columbia,2020-05-01,267.11344265749347,Status.RED_ALERT
Columbia,2020-05-02,313.5679544240141,Status.RED_ALERT
Columbia,2020-05-03,368.10151171514696,Status.RED_ALERT
Columbia,2020-05-04,432.11916592647685,Status.RED_ALERT
Columbia,2020-05-05,507.270325218038,Status.RED_ALERT
Columbia,2020-05-06,595.4912513429142,Status.RED_ALERT
Columbia,2020-05-07,699.0549472286384,Status.RED_ALERT
Columbia,2020-05-08,820.629720659706,Status.RED_ALERT
Columbia,2020-05-09,963.3479329483505,Status.RED_ALERT
Columbia,2020-05-10,1130.8867038958897,Status.RED_ALERT
Columbia,2020-05-11,1327.5626523995227,Status.RED_ALERT
Duval,2020-04-19,854,Status.UNDER_CONTROL
Duval,2020-04-20,943.8947368421052,Status.UNDER_CONTROL
Duval,2020-04-21,1043.2520775623268,Status.UNDER_CONTROL
Duval,2020-04-22,1153.0680857267823,Status.UNDER_CONTROL
Duval,2020-04-23,1274.4436736980226,Status.UNDER_CONTROL
Duval,2020-04-24,1408.5956393504462,Status.UNDER_CONTROL
Duval,2020-04-25,1556.86886454523,Status.UNDER_CONTROL
Duval,2020-04-26,1720.7497976552543,Status.UNDER_CONTROL
Duval,2020-04-27,1901.8813553031757,Status.UNDER_CONTROL
Duval,2020-04-28,2102.07939270351,Status.UNDER_CONTROL
Duval,2020-04-29,2323.3509077249323,Status.UNDER_CONTROL
Duval,2020-04-30,2567.914161169662,Status.UNDER_CONTROL
Duval,2020-05-01,2838.2209149769947,Status.UNDER_CONTROL
Duval,2020-05-02,3136.9810112903624,Status.UNDER_CONTROL
Duval,2020-05-03,3467.189538794611,Status.UNDER_CONTROL
Duval,2020-05-04,3832.156858667728,Status.UNDER_CONTROL
Duval,2020-05-05,4235.5417911590675,Status.ABOVE_THRESHOULD
Duval,2020-05-06,4681.388295491601,Status.ABOVE_THRESHOULD
Duval,2020-05-07,5174.166010806506,Status.ABOVE_THRESHOULD
Duval,2020-05-08,5718.815064575612,Status.ABOVE_THRESHOULD
Duval,2020-05-09,6320.795597688834,Status.ABOVE_THRESHOULD
Duval,2020-05-10,6986.142502708712,Status.RED_ALERT
Duval,2020-05-11,7721.525924046471,Status.RED_ALERT
Duval,2020-05-12,8534.318126577678,Status.RED_ALERT
Duval,2020-05-13,9432.667403059539,Status.RED_ALERT
Duval,2020-05-14,10425.579761276333,Status.RED_ALERT
Duval,2020-05-15,11523.009209831736,Status.RED_ALERT
Duval,2020-05-16,12735.957547708762,Status.RED_ALERT
Duval,2020-05-17,14076.584657993895,Status.RED_ALERT
Duval,2020-05-18,15558.330411466937,Status.RED_ALERT
Duval,2020-05-19,17196.049402147666,Status.RED_ALERT
Duval,2020-05-20,19006.15986553163,Status.RED_ALERT
Escambia,2020-04-19,309,Status.UNDER_CONTROL
Escambia,2020-04-20,351.62068965517244,Status.UNDER_CONTROL
Escambia,2020-04-21,400.1200951248514,Status.UNDER_CONTROL
Escambia,2020-04-22,455.30907376276195,Status.UNDER_CONTROL
Escambia,2020-04-23,518.1103253162464,Status.UNDER_CONTROL
Escambia,2020-04-24,589.5738184633149,Status.UNDER_CONTROL
Escambia,2020-04-25,670.89434514791,Status.UNDER_CONTROL
Escambia,2020-04-26,763.4314962027942,Status.UNDER_CONTROL
Escambia,2020-04-27,868.7323922307658,Status.UNDER_CONTROL
Escambia,2020-04-28,988.5575497798369,Status.UNDER_CONTROL
Escambia,2020-04-29,1124.910315266711,Status.ABOVE_THRESHOULD
Escambia,2020-04-30,1280.0703587517746,Status.ABOVE_THRESHOULD
Escambia,2020-05-01,1456.6317875451227,Status.ABOVE_THRESHOULD
Escambia,2020-05-02,1657.5465168616913,Status.ABOVE_THRESHOULD
Escambia,2020-05-03,1886.1736226357177,Status.RED_ALERT
Escambia,2020-05-04,2146.335501619955,Status.RED_ALERT
Escambia,2020-05-05,2442.381777705466,Status.RED_ALERT
Escambia,2020-05-06,2779.26202290622,Status.RED_ALERT
Escambia,2020-05-07,3162.6085088243194,Status.RED_ALERT
Escambia,2020-05-08,3598.8303721104326,Status.RED_ALERT
Escambia,2020-05-09,4095.220768263596,Status.RED_ALERT
Escambia,2020-05-10,4660.078805265471,Status.RED_ALERT
Escambia,2020-05-11,5302.848295646915,Status.RED_ALERT
Escambia,2020-05-12,6034.275646770628,Status.RED_ALERT
Escambia,2020-05-13,6866.589529083818,Status.RED_ALERT
Flager,2020-04-19,75,Status.UNDER_CONTROL
Flager,2020-04-20,90.78947368421052,Status.UNDER_CONTROL
Flager,2020-04-21,109.90304709141273,Status.UNDER_CONTROL
Flager,2020-04-22,133.04053068960488,Status.UNDER_CONTROL
Flager,2020-04-23,161.0490634663638,Status.UNDER_CONTROL
Flager,2020-04-24,194.9541294592825,Status.UNDER_CONTROL
Flager,2020-04-25,235.99710408228935,Status.UNDER_CONTROL
Flager,2020-04-26,285.68070494171866,Status.ABOVE_THRESHOULD
Flager,2020-04-27,345.82401124523835,Status.ABOVE_THRESHOULD
Flager,2020-04-28,418.6290662442359,Status.ABOVE_THRESHOULD
Flager,2020-04-29,506.7615012430224,Status.RED_ALERT
Flager,2020-04-30,613.4481330836587,Status.RED_ALERT
Flager,2020-05-01,742.5951084696921,Status.RED_ALERT
Flager,2020-05-02,898.930920779101,Status.RED_ALERT
Flager,2020-05-03,1088.1795356799644,Status.RED_ALERT
Flager,2020-05-04,1317.2699642441673,Status.RED_ALERT
Flager,2020-05-05,1594.5899567166236,Status.RED_ALERT
Flager,2020-05-06,1930.2931054990706,Status.RED_ALERT
Flager,2020-05-07,2336.670601393612,Status.RED_ALERT
Flager,2020-05-08,2828.6012543185825,Status.RED_ALERT
Flager,2020-05-09,3424.096255227758,Status.RED_ALERT
Gadsden,2020-04-19,51,Status.ABOVE_THRESHOULD
Gadsden,2020-04-20,68.0,Status.ABOVE_THRESHOULD
Gadsden,2020-04-21,90.66666666666666,Status.RED_ALERT
Gadsden,2020-04-22,120.88888888888887,Status.RED_ALERT
Gadsden,2020-04-23,161.18518518518516,Status.RED_ALERT
Gadsden,2020-04-24,214.91358024691354,Status.RED_ALERT
Gadsden,2020-04-25,286.55144032921805,Status.RED_ALERT
Gadsden,2020-04-26,382.06858710562403,Status.RED_ALERT
Gadsden,2020-04-27,509.4247828074987,Status.RED_ALERT
Gadsden,2020-04-28,679.2330437433316,Status.RED_ALERT
Gadsden,2020-04-29,905.6440583244421,Status.RED_ALERT
Gadsden,2020-04-30,1207.525411099256,Status.RED_ALERT
Gadsden,2020-05-01,1610.0338814656745,Status.RED_ALERT
Hendry,2020-04-19,41,Status.UNDER_CONTROL
Hendry,2020-04-20,53.61538461538461,Status.UNDER_CONTROL
Hendry,2020-04-21,70.11242603550295,Status.ABOVE_THRESHOULD
Hendry,2020-04-22,91.68548020027309,Status.ABOVE_THRESHOULD
Hendry,2020-04-23,119.8963971849725,Status.RED_ALERT
Hendry,2020-04-24,156.7875963188102,Status.RED_ALERT
Hendry,2020-04-25,205.02993364767485,Status.RED_ALERT
Hendry,2020-04-26,268.11606707772864,Status.RED_ALERT
Hendry,2020-04-27,350.61331848626054,Status.RED_ALERT
Hendry,2020-04-28,458.4943395589561,Status.RED_ALERT
Hendry,2020-04-29,599.5695209617118,Status.RED_ALERT
Hendry,2020-04-30,784.0524504883923,Status.RED_ALERT
Hendry,2020-05-01,1025.2993583309747,Status.RED_ALERT
Hendry,2020-05-02,1340.7760839712746,Status.RED_ALERT
Hendry,2020-05-03,1753.3225713470515,Status.RED_ALERT
Hernando,2020-04-19,84,Status.UNDER_CONTROL
Hernando,2020-04-20,91.14893617021276,Status.UNDER_CONTROL
Hernando,2020-04-21,98.9062924400181,Status.UNDER_CONTROL
Hernando,2020-04-22,107.32384924342391,Status.UNDER_CONTROL
Hernando,2020-04-23,116.45779385988551,Status.UNDER_CONTROL
Hernando,2020-04-24,126.36909546498215,Status.UNDER_CONTROL
Hernando,2020-04-25,137.12391210029978,Status.UNDER_CONTROL
Hernando,2020-04-26,148.79403227904868,Status.UNDER_CONTROL
Hernando,2020-04-27,161.45735417513794,Status.UNDER_CONTROL
Hernando,2020-04-28,175.1984055942986,Status.UNDER_CONTROL
Hernando,2020-04-29,190.1089081980687,Status.UNDER_CONTROL
Hernando,2020-04-30,206.2883897468405,Status.UNDER_CONTROL
Hernando,2020-05-01,223.84484844869925,Status.UNDER_CONTROL
Hernando,2020-05-02,242.89547384858855,Status.UNDER_CONTROL
Hernando,2020-05-03,263.567429069745,Status.UNDER_CONTROL
Hernando,2020-05-04,285.99869962887226,Status.UNDER_CONTROL
Hernando,2020-05-05,310.33901449090393,Status.UNDER_CONTROL
Hernando,2020-05-06,336.7508455114064,Status.UNDER_CONTROL
Hernando,2020-05-07,365.41049193790906,Status.UNDER_CONTROL
Hernando,2020-05-08,396.50925720922044,Status.UNDER_CONTROL
Hernando,2020-05-09,430.2547259078775,Status.UNDER_CONTROL
Hernando,2020-05-10,466.872149389399,Status.UNDER_CONTROL
Hernando,2020-05-11,506.60594933743295,Status.UNDER_CONTROL
Hernando,2020-05-12,549.7213492810442,Status.ABOVE_THRESHOULD
Hernando,2020-05-13,596.5061449645374,Status.ABOVE_THRESHOULD
Hernando,2020-05-14,647.2726253870512,Status.ABOVE_THRESHOULD
Hernando,2020-05-15,702.3596573348854,Status.ABOVE_THRESHOULD
Hernando,2020-05-16,762.134947320833,Status.ABOVE_THRESHOULD
Hernando,2020-05-17,826.997496028989,Status.ABOVE_THRESHOULD
Hernando,2020-05-18,897.3802616484774,Status.RED_ALERT
Hernando,2020-05-19,973.7530498738797,Status.RED_ALERT
Hernando,2020-05-20,1056.625649863146,Status.RED_ALERT
Hernando,2020-05-21,1146.5512370855415,Status.RED_ALERT
Hernando,2020-05-22,1244.1300657736726,Status.RED_ALERT
Hernando,2020-05-23,1350.0134756267512,Status.RED_ALERT
Hernando,2020-05-24,1464.908239509879,Status.RED_ALERT
Hernando,2020-05-25,1589.5812811702942,Status.RED_ALERT
Hernando,2020-05-26,1724.864794461383,Status.RED_ALERT
Hernando,2020-05-27,1871.6617982453306,Status.RED_ALERT
Hernando,2020-05-28,2030.9521640534438,Status.RED_ALERT
Highlands,2020-04-19,70,Status.UNDER_CONTROL
Highlands,2020-04-20,75.18518518518519,Status.UNDER_CONTROL
Highlands,2020-04-21,80.75445816186557,Status.UNDER_CONTROL
Highlands,2020-04-22,86.73626987755932,Status.UNDER_CONTROL
Highlands,2020-04-23,93.16117875737854,Status.UNDER_CONTROL
Highlands,2020-04-24,100.06200681348065,Status.UNDER_CONTROL
Highlands,2020-04-25,107.47400731818291,Status.UNDER_CONTROL
Highlands,2020-04-26,115.43504489730758,Status.UNDER_CONTROL
Highlands,2020-04-27,123.98578896377481,Status.UNDER_CONTROL
Highlands,2020-04-28,133.16992147960997,Status.UNDER_CONTROL
Highlands,2020-04-29,143.0343601077292,Status.UNDER_CONTROL
Highlands,2020-04-30,153.62949789348693,Status.UNDER_CONTROL
Highlands,2020-05-01,165.0094607004119,Status.UNDER_CONTROL
Highlands,2020-05-02,177.2323837152572,Status.UNDER_CONTROL
Highlands,2020-05-03,190.3607084349059,Status.UNDER_CONTROL
Highlands,2020-05-04,204.4615016523063,Status.UNDER_CONTROL
Highlands,2020-05-05,219.60679807099567,Status.UNDER_CONTROL
Highlands,2020-05-06,235.87396829847683,Status.UNDER_CONTROL
Highlands,2020-05-07,253.346114098364,Status.UNDER_CONTROL
Highlands,2020-05-08,272.11249292046506,Status.UNDER_CONTROL
Highlands,2020-05-09,292.26897387753655,Status.UNDER_CONTROL
Highlands,2020-05-10,313.9185274980948,Status.ABOVE_THRESHOULD
Highlands,2020-05-11,337.171751757213,Status.ABOVE_THRESHOULD
Highlands,2020-05-12,362.14743707256207,Status.ABOVE_THRESHOULD
Highlands,2020-05-13,388.9731731520111,Status.ABOVE_THRESHOULD
Highlands,2020-05-14,417.78600079290084,Status.ABOVE_THRESHOULD
Highlands,2020-05-15,448.73311196274534,Status.ABOVE_THRESHOULD
Highlands,2020-05-16,481.9726017377635,Status.ABOVE_THRESHOULD
Highlands,2020-05-17,517.6742759405608,Status.RED_ALERT
Highlands,2020-05-18,556.0205186028246,Status.RED_ALERT
Highlands,2020-05-19,597.2072236845153,Status.RED_ALERT
Highlands,2020-05-20,641.4447958092942,Status.RED_ALERT
Highlands,2020-05-21,688.9592251285012,Status.RED_ALERT
Highlands,2020-05-22,739.9932418046865,Status.RED_ALERT
Highlands,2020-05-23,794.8075560124411,Status.RED_ALERT
Highlands,2020-05-24,853.6821897911404,Status.RED_ALERT
Highlands,2020-05-25,916.9179075534471,Status.RED_ALERT
Highlands,2020-05-26,984.8377525574061,Status.RED_ALERT
Highlands,2020-05-27,1057.788697191288,Status.RED_ALERT
Hillsborough,2020-04-19,960,Status.UNDER_CONTROL
Hillsborough,2020-04-20,1049.3023255813953,Status.UNDER_CONTROL
Hillsborough,2020-04-21,1146.9118442401298,Status.UNDER_CONTROL
Hillsborough,2020-04-22,1253.6013181229325,Status.UNDER_CONTROL
Hillsborough,2020-04-23,1370.2153942273912,Status.UNDER_CONTROL
Hillsborough,2020-04-24,1497.677291364823,Status.UNDER_CONTROL
Hillsborough,2020-04-25,1636.996109166202,Status.UNDER_CONTROL
Hillsborough,2020-04-26,1789.274816995616,Status.UNDER_CONTROL
Hillsborough,2020-04-27,1955.718986018464,Status.UNDER_CONTROL
Hillsborough,2020-04-28,2137.646333555065,Status.UNDER_CONTROL
Hillsborough,2020-04-29,2336.4971552811176,Status.UNDER_CONTROL
Hillsborough,2020-04-30,2553.8457278654078,Status.UNDER_CONTROL
Hillsborough,2020-05-01,2791.4127723180036,Status.UNDER_CONTROL
Hillsborough,2020-05-02,3051.079076719678,Status.UNDER_CONTROL
Hillsborough,2020-05-03,3334.9003861819738,Status.UNDER_CONTROL
Hillsborough,2020-05-04,3645.1236779198316,Status.UNDER_CONTROL
Hillsborough,2020-05-05,3984.204950284467,Status.UNDER_CONTROL
Hillsborough,2020-05-06,4354.828666589999,Status.UNDER_CONTROL
Hillsborough,2020-05-07,4759.929007668138,Status.UNDER_CONTROL
Hillsborough,2020-05-08,5202.713101404709,Status.UNDER_CONTROL
Hillsborough,2020-05-09,5686.6864131632865,Status.UNDER_CONTROL
Hillsborough,2020-05-10,6215.680498108708,Status.ABOVE_THRESHOULD
Hillsborough,2020-05-11,6793.883335142076,Status.ABOVE_THRESHOULD
Hillsborough,2020-05-12,7425.872482597153,Status.ABOVE_THRESHOULD
Hillsborough,2020-05-13,8116.651318187586,Status.ABOVE_THRESHOULD
Hillsborough,2020-05-14,8871.688650112013,Status.ABOVE_THRESHOULD
Hillsborough,2020-05-15,9696.96201291313,Status.RED_ALERT
Hillsborough,2020-05-16,10599.004990858539,Status.RED_ALERT
Hillsborough,2020-05-17,11584.958943496542,Status.RED_ALERT
Hillsborough,2020-05-18,12662.62954289157,Status.RED_ALERT
Hillsborough,2020-05-19,13840.548570137296,Status.RED_ALERT
Hillsborough,2020-05-20,15128.041460382627,Status.RED_ALERT
Hillsborough,2020-05-21,16535.301131115895,Status.RED_ALERT
Hillsborough,2020-05-22,18073.468678196445,Status.RED_ALERT
Hillsborough,2020-05-23,19754.721578493787,Status.RED_ALERT
Hillsborough,2020-05-24,21592.37009742344,Status.RED_ALERT
Hillsborough,2020-05-25,23600.962664625622,Status.RED_ALERT
Jefferson,2020-04-19,26,Status.RED_ALERT
Jefferson,2020-04-20,35.45454545454545,Status.RED_ALERT
Jefferson,2020-04-21,48.34710743801653,Status.RED_ALERT
Jefferson,2020-04-22,65.92787377911345,Status.RED_ALERT
Jefferson,2020-04-23,89.90164606242743,Status.RED_ALERT
Jefferson,2020-04-24,122.59315372149194,Status.RED_ALERT
Jefferson,2020-04-25,167.17248234748902,Status.RED_ALERT
Jefferson,2020-04-26,227.96247592839413,Status.RED_ALERT
Jefferson,2020-04-27,310.85792172053743,Status.RED_ALERT
Jefferson,2020-04-28,423.89716598255103,Status.RED_ALERT
Jefferson,2020-04-29,578.041589976206,Status.RED_ALERT
Lake,2020-04-19,207,Status.UNDER_CONTROL
Lake,2020-04-20,234.6,Status.UNDER_CONTROL
Lake,2020-04-21,265.88,Status.UNDER_CONTROL
Lake,2020-04-22,301.3306666666667,Status.UNDER_CONTROL
Lake,2020-04-23,341.5080888888889,Status.UNDER_CONTROL
Lake,2020-04-24,387.04250074074076,Status.UNDER_CONTROL
Lake,2020-04-25,438.64816750617285,Status.UNDER_CONTROL
Lake,2020-04-26,497.1345898403292,Status.UNDER_CONTROL
Lake,2020-04-27,563.4192018190398,Status.UNDER_CONTROL
Lake,2020-04-28,638.5417620615784,Status.UNDER_CONTROL
Lake,2020-04-29,723.6806636697888,Status.UNDER_CONTROL
Lake,2020-04-30,820.1714188257606,Status.UNDER_CONTROL
Lake,2020-05-01,929.5276080025287,Status.UNDER_CONTROL
Lake,2020-05-02,1053.4646224028659,Status.UNDER_CONTROL
Lake,2020-05-03,1193.9265720565813,Status.UNDER_CONTROL
Lake,2020-05-04,1353.1167816641255,Status.ABOVE_THRESHOULD
Lake,2020-05-05,1533.5323525526755,Status.ABOVE_THRESHOULD
Lake,2020-05-06,1738.0033328930322,Status.ABOVE_THRESHOULD
Lake,2020-05-07,1969.7371106121032,Status.RED_ALERT
Lake,2020-05-08,2232.3687253603835,Status.RED_ALERT
Lake,2020-05-09,2530.017888741768,Status.RED_ALERT
Lake,2020-05-10,2867.35360724067,Status.RED_ALERT
Lake,2020-05-11,3249.667421539426,Status.RED_ALERT
Lake,2020-05-12,3682.956411078016,Status.RED_ALERT
Lake,2020-05-13,4174.0172658884185,Status.RED_ALERT
Lake,2020-05-14,4730.552901340207,Status.RED_ALERT
Lake,2020-05-15,5361.293288185569,Status.RED_ALERT
Lake,2020-05-16,6076.132393276977,Status.RED_ALERT
Lake,2020-05-17,6886.283379047241,Status.RED_ALERT
Lee,2020-04-19,769,Status.UNDER_CONTROL
Lee,2020-04-20,831.7755102040817,Status.UNDER_CONTROL
Lee,2020-04-21,899.6755518533945,Status.UNDER_CONTROL
Lee,2020-04-22,973.1184540455083,Status.UNDER_CONTROL
Lee,2020-04-23,1052.5566951920805,Status.UNDER_CONTROL
Lee,2020-04-24,1138.4796907179646,Status.UNDER_CONTROL
Lee,2020-04-25,1231.4168083275943,Status.UNDER_CONTROL
Lee,2020-04-26,1331.940629415561,Status.UNDER_CONTROL
Lee,2020-04-27,1440.6704767147905,Status.UNDER_CONTROL
Lee,2020-04-28,1558.2762299159979,Status.UNDER_CONTROL
Lee,2020-04-29,1685.4824527662834,Status.UNDER_CONTROL
Lee,2020-04-30,1823.0728570737351,Status.UNDER_CONTROL
Lee,2020-05-01,1971.8951311205706,Status.UNDER_CONTROL
Lee,2020-05-02,2132.866162232454,Status.UNDER_CONTROL
Lee,2020-05-03,2306.9776856800013,Status.UNDER_CONTROL
Lee,2020-05-04,2495.302394715103,Status.ABOVE_THRESHOULD
Lee,2020-05-05,2699.000549385724,Status.ABOVE_THRESHOULD
Lee,2020-05-06,2919.327124845783,Status.ABOVE_THRESHOULD
Lee,2020-05-07,3157.639543200541,Status.ABOVE_THRESHOULD
Lee,2020-05-08,3415.4060365230343,Status.ABOVE_THRESHOULD
Lee,2020-05-09,3694.214692565731,Status.ABOVE_THRESHOULD
Lee,2020-05-10,3995.7832388976276,Status.RED_ALERT
Lee,2020-05-11,4321.969625746414,Status.RED_ALERT
Lee,2020-05-12,4674.783472746121,Status.RED_ALERT
Lee,2020-05-13,5056.398450113152,Status.RED_ALERT
Lee,2020-05-14,5469.165670530552,Status.RED_ALERT
Lee,2020-05-15,5915.628174247332,Status.RED_ALERT
Lee,2020-05-16,6398.536596634869,Status.RED_ALERT
Lee,2020-05-17,6920.866114727512,Status.RED_ALERT
Lee,2020-05-18,7485.834777154247,Status.RED_ALERT
Lee,2020-05-19,8096.923330391328,Status.RED_ALERT
Lee,2020-05-20,8757.896663484498,Status.RED_ALERT
Leon,2020-04-19,176,Status.UNDER_CONTROL
Leon,2020-04-20,198.70967741935485,Status.UNDER_CONTROL
Leon,2020-04-21,224.3496357960458,Status.UNDER_CONTROL
Leon,2020-04-22,253.29797589876136,Status.UNDER_CONTROL
Leon,2020-04-23,285.9815856921499,Status.UNDER_CONTROL
Leon,2020-04-24,322.88243545887894,Status.UNDER_CONTROL
Leon,2020-04-25,364.54468519550846,Status.UNDER_CONTROL
Leon,2020-04-26,411.5827090917031,Status.UNDER_CONTROL
Leon,2020-04-27,464.6901554261164,Status.UNDER_CONTROL
Leon,2020-04-28,524.6501754810992,Status.UNDER_CONTROL
Leon,2020-04-29,592.34697231737,Status.UNDER_CONTROL
Leon,2020-04-30,668.7788397131598,Status.UNDER_CONTROL
Leon,2020-05-01,755.0728835471159,Status.UNDER_CONTROL
Leon,2020-05-02,852.5016427144857,Status.UNDER_CONTROL
Leon,2020-05-03,962.5018546776452,Status.UNDER_CONTROL
Leon,2020-05-04,1086.6956423779864,Status.UNDER_CONTROL
Leon,2020-05-05,1226.9144349428877,Status.UNDER_CONTROL
Leon,2020-05-06,1385.2259749355185,Status.ABOVE_THRESHOULD
Leon,2020-05-07,1563.9648104110693,Status.ABOVE_THRESHOULD
Leon,2020-05-08,1765.7667214318524,Status.ABOVE_THRESHOULD
Leon,2020-05-09,1993.6075887133818,Status.ABOVE_THRESHOULD
Leon,2020-05-10,2250.8472775796245,Status.RED_ALERT
Leon,2020-05-11,2541.279184364092,Status.RED_ALERT
Leon,2020-05-12,2869.1861758949426,Status.RED_ALERT
Leon,2020-05-13,3239.403746978161,Status.RED_ALERT
Leon,2020-05-14,3657.3913272334075,Status.RED_ALERT
Leon,2020-05-15,4129.312788811912,Status.RED_ALERT
Leon,2020-05-16,4662.127342206997,Status.RED_ALERT
Leon,2020-05-17,5263.6921605562875,Status.RED_ALERT
Leon,2020-05-18,5942.878245789357,Status.RED_ALERT
Leon,2020-05-19,6709.701245246048,Status.RED_ALERT
Leon,2020-05-20,7575.469147858441,Status.RED_ALERT
Madison,2020-04-19,21,Status.RED_ALERT
Madison,2020-04-20,25.0,Status.RED_ALERT
Madison,2020-04-21,29.761904761904763,Status.RED_ALERT
Madison,2020-04-22,35.430839002267575,Status.RED_ALERT
Madison,2020-04-23,42.17957024079473,Status.RED_ALERT
Madison,2020-04-24,50.2137740961842,Status.RED_ALERT
Madison,2020-04-25,59.77830249545738,Status.RED_ALERT
Madison,2020-04-26,71.16464582792545,Status.RED_ALERT
Madison,2020-04-27,84.71981646181601,Status.RED_ALERT
Madison,2020-04-28,100.85692435930477,Status.RED_ALERT
Madison,2020-04-29,120.06776709441044,Status.RED_ALERT
Manatee,2020-04-19,417,Status.UNDER_CONTROL
Manatee,2020-04-20,509.66666666666663,Status.UNDER_CONTROL
Manatee,2020-04-21,622.9259259259259,Status.UNDER_CONTROL
Manatee,2020-04-22,761.3539094650205,Status.UNDER_CONTROL
Manatee,2020-04-23,930.5436671239139,Status.UNDER_CONTROL
Manatee,2020-04-24,1137.331148707006,Status.ABOVE_THRESHOULD
Manatee,2020-04-25,1390.0714039752295,Status.ABOVE_THRESHOULD
Manatee,2020-04-26,1698.9761604141693,Status.ABOVE_THRESHOULD
Manatee,2020-04-27,2076.5264182839846,Status.RED_ALERT
Manatee,2020-04-28,2537.9767334582034,Status.RED_ALERT
Manatee,2020-04-29,3101.971563115582,Status.RED_ALERT
Manatee,2020-04-30,3791.298577141267,Status.RED_ALERT
Manatee,2020-05-01,4633.809372061548,Status.RED_ALERT
Manatee,2020-05-02,5663.544788075225,Status.RED_ALERT
Manatee,2020-05-03,6922.110296536386,Status.RED_ALERT
Manatee,2020-05-04,8460.357029100027,Status.RED_ALERT
Manatee,2020-05-05,10340.436368900033,Status.RED_ALERT
Manatee,2020-05-06,12638.311117544485,Status.RED_ALERT
Manatee,2020-05-07,15446.824699221037,Status.RED_ALERT
Marion,2020-04-19,121,Status.UNDER_CONTROL
Marion,2020-04-20,133.4102564102564,Status.UNDER_CONTROL
Marion,2020-04-21,147.09335963182116,Status.UNDER_CONTROL
Marion,2020-04-22,162.1798580555977,Status.UNDER_CONTROL
Marion,2020-04-23,178.8136896510436,Status.UNDER_CONTROL
Marion,2020-04-24,197.15355525627885,Status.UNDER_CONTROL
Marion,2020-04-25,217.3744327184613,Status.UNDER_CONTROL
Marion,2020-04-26,239.66924633061117,Status.UNDER_CONTROL
Marion,2020-04-27,264.25070749272516,Status.UNDER_CONTROL
Marion,2020-04-28,291.35334415864565,Status.UNDER_CONTROL
Marion,2020-04-29,321.23573843132726,Status.UNDER_CONTROL
Marion,2020-04-30,354.1829936550531,Status.UNDER_CONTROL
Marion,2020-05-01,390.50945454275086,Status.UNDER_CONTROL
Marion,2020-05-02,430.5617062907253,Status.UNDER_CONTROL
Marion,2020-05-03,474.72188129490223,Status.UNDER_CONTROL
Marion,2020-05-04,523.4113050174564,Status.UNDER_CONTROL
Marion,2020-05-05,577.0945157884776,Status.UNDER_CONTROL
Marion,2020-05-06,636.2836968949881,Status.UNDER_CONTROL
Marion,2020-05-07,701.543563243192,Status.UNDER_CONTROL
Marion,2020-05-08,773.4967492168528,Status.UNDER_CONTROL
Marion,2020-05-09,852.8297491365299,Status.UNDER_CONTROL
Marion,2020-05-10,940.2994669966869,Status.UNDER_CONTROL
Marion,2020-05-11,1036.7404379707061,Status.ABOVE_THRESHOULD
Marion,2020-05-12,1143.0727905830863,Status.ABOVE_THRESHOULD
Marion,2020-05-13,1260.3110255146848,Status.ABOVE_THRESHOULD
Marion,2020-05-14,1389.5736947982423,Status.ABOVE_THRESHOULD
Marion,2020-05-15,1532.0940737519081,Status.ABOVE_THRESHOULD
Marion,2020-05-16,1689.2319274700526,Status.RED_ALERT
Marion,2020-05-17,1862.4864841336478,Status.RED_ALERT
Marion,2020-05-18,2053.510738916586,Status.RED_ALERT
Marion,2020-05-19,2264.1272249593126,Status.RED_ALERT
Marion,2020-05-20,2496.3454018782163,Status.RED_ALERT
Marion,2020-05-21,2752.3808277118796,Status.RED_ALERT
Marion,2020-05-22,3034.6762972207903,Status.RED_ALERT
Marion,2020-05-23,3345.9251482177942,Status.RED_ALERT
Marion,2020-05-24,3689.096958291414,Status.RED_ALERT
Marion,2020-05-25,4067.4658770905335,Status.RED_ALERT
Marion,2020-05-26,4484.641864484434,Status.RED_ALERT
Martin,2020-04-19,151,Status.UNDER_CONTROL
Martin,2020-04-20,163.58333333333334,Status.UNDER_CONTROL
Martin,2020-04-21,177.2152777777778,Status.UNDER_CONTROL
Martin,2020-04-22,191.9832175925926,Status.UNDER_CONTROL
Martin,2020-04-23,207.981819058642,Status.UNDER_CONTROL
Martin,2020-04-24,225.31363731352883,Status.UNDER_CONTROL
Martin,2020-04-25,244.0897737563229,Status.UNDER_CONTROL
Martin,2020-04-26,264.4305882360165,Status.UNDER_CONTROL
Martin,2020-04-27,286.4664705890179,Status.UNDER_CONTROL
Martin,2020-04-28,310.33867647143603,Status.UNDER_CONTROL
Martin,2020-04-29,336.2002328440557,Status.UNDER_CONTROL
Martin,2020-04-30,364.21691891439366,Status.UNDER_CONTROL
Martin,2020-05-01,394.56832882392644,Status.UNDER_CONTROL
Martin,2020-05-02,427.449022892587,Status.UNDER_CONTROL
Martin,2020-05-03,463.0697748003026,Status.UNDER_CONTROL
Martin,2020-05-04,501.6589227003278,Status.UNDER_CONTROL
Martin,2020-05-05,543.4638329253552,Status.ABOVE_THRESHOULD
Martin,2020-05-06,588.7524856691348,Status.ABOVE_THRESHOULD
Martin,2020-05-07,637.8151928082293,Status.ABOVE_THRESHOULD
Martin,2020-05-08,690.9664588755818,Status.ABOVE_THRESHOULD
Martin,2020-05-09,748.5469971152136,Status.ABOVE_THRESHOULD
Martin,2020-05-10,810.9259135414813,Status.ABOVE_THRESHOULD
Martin,2020-05-11,878.5030730032714,Status.RED_ALERT
Martin,2020-05-12,951.7116624202107,Status.RED_ALERT
Martin,2020-05-13,1031.020967621895,Status.RED_ALERT
Martin,2020-05-14,1116.9393815903861,Status.RED_ALERT
Martin,2020-05-15,1210.0176633895849,Status.RED_ALERT
Martin,2020-05-16,1310.8524686720502,Status.RED_ALERT
Martin,2020-05-17,1420.090174394721,Status.RED_ALERT
Martin,2020-05-18,1538.4310222609479,Status.RED_ALERT
Martin,2020-05-19,1666.6336074493602,Status.RED_ALERT
Martin,2020-05-20,1805.5197414034735,Status.RED_ALERT
Martin,2020-05-21,1955.979719853763,Status.RED_ALERT
Miami-Dade,2020-04-19,9354,Status.UNDER_CONTROL
Miami-Dade,2020-04-20,10393.333333333334,Status.UNDER_CONTROL
Miami-Dade,2020-04-21,11548.14814814815,Status.ABOVE_THRESHOULD
Miami-Dade,2020-04-22,12831.27572016461,Status.ABOVE_THRESHOULD
Miami-Dade,2020-04-23,14256.973022405124,Status.ABOVE_THRESHOULD
Miami-Dade,2020-04-24,15841.081136005692,Status.ABOVE_THRESHOULD
Miami-Dade,2020-04-25,17601.201262228547,Status.RED_ALERT
Miami-Dade,2020-04-26,19556.890291365053,Status.RED_ALERT
Miami-Dade,2020-04-27,21729.878101516726,Status.RED_ALERT
Miami-Dade,2020-04-28,24144.30900168525,Status.RED_ALERT
Miami-Dade,2020-04-29,26827.010001872502,Status.RED_ALERT
Miami-Dade,2020-04-30,29807.78889096945,Status.RED_ALERT
Miami-Dade,2020-05-01,33119.765434410496,Status.RED_ALERT
Miami-Dade,2020-05-02,36799.739371567215,Status.RED_ALERT
Miami-Dade,2020-05-03,40888.59930174135,Status.RED_ALERT
Miami-Dade,2020-05-04,45431.77700193483,Status.RED_ALERT
Miami-Dade,2020-05-05,50479.75222437204,Status.RED_ALERT
Monroe,2020-04-19,73,Status.UNDER_CONTROL
Monroe,2020-04-20,78.84,Status.UNDER_CONTROL
Monroe,2020-04-21,85.1472,Status.UNDER_CONTROL
Monroe,2020-04-22,91.95897599999999,Status.UNDER_CONTROL
Monroe,2020-04-23,99.31569407999999,Status.UNDER_CONTROL
Monroe,2020-04-24,107.26094960639999,Status.UNDER_CONTROL
Monroe,2020-04-25,115.841825574912,Status.UNDER_CONTROL
Monroe,2020-04-26,125.10917162090496,Status.UNDER_CONTROL
Monroe,2020-04-27,135.11790535057736,Status.UNDER_CONTROL
Monroe,2020-04-28,145.92733777862355,Status.UNDER_CONTROL
Monroe,2020-04-29,157.60152480091344,Status.UNDER_CONTROL
Monroe,2020-04-30,170.20964678498652,Status.UNDER_CONTROL
Monroe,2020-05-01,183.82641852778545,Status.UNDER_CONTROL
Monroe,2020-05-02,198.53253201000828,Status.UNDER_CONTROL
Monroe,2020-05-03,214.41513457080896,Status.UNDER_CONTROL
Monroe,2020-05-04,231.56834533647367,Status.UNDER_CONTROL
Monroe,2020-05-05,250.09381296339157,Status.UNDER_CONTROL
Monroe,2020-05-06,270.1013180004629,Status.UNDER_CONTROL
Monroe,2020-05-07,291.70942344049996,Status.UNDER_CONTROL
Monroe,2020-05-08,315.04617731573995,Status.ABOVE_THRESHOULD
Monroe,2020-05-09,340.2498715009991,Status.ABOVE_THRESHOULD
Monroe,2020-05-10,367.46986122107904,Status.ABOVE_THRESHOULD
Monroe,2020-05-11,396.86745011876536,Status.ABOVE_THRESHOULD
Monroe,2020-05-12,428.6168461282666,Status.ABOVE_THRESHOULD
Monroe,2020-05-13,462.9061938185279,Status.ABOVE_THRESHOULD
Monroe,2020-05-14,499.93868932401017,Status.RED_ALERT
Monroe,2020-05-15,539.933784469931,Status.RED_ALERT
Monroe,2020-05-16,583.1284872275254,Status.RED_ALERT
Monroe,2020-05-17,629.7787662057274,Status.RED_ALERT
Monroe,2020-05-18,680.1610675021856,Status.RED_ALERT
Monroe,2020-05-19,734.5739529023604,Status.RED_ALERT
Monroe,2020-05-20,793.3398691345492,Status.RED_ALERT
Monroe,2020-05-21,856.8070586653131,Status.RED_ALERT
Monroe,2020-05-22,925.3516233585382,Status.RED_ALERT
Monroe,2020-05-23,999.3797532272213,Status.RED_ALERT
Monroe,2020-05-24,1079.330133485399,Status.RED_ALERT
Nassau,2020-04-19,44,Status.UNDER_CONTROL
Nassau,2020-04-20,49.028571428571425,Status.UNDER_CONTROL
Nassau,2020-04-21,54.63183673469388,Status.UNDER_CONTROL
Nassau,2020-04-22,60.87547521865889,Status.UNDER_CONTROL
Nassau,2020-04-23,67.83267238650562,Status.UNDER_CONTROL
Nassau,2020-04-24,75.58497780210627,Status.UNDER_CONTROL
Nassau,2020-04-25,84.22326097948984,Status.UNDER_CONTROL
Nassau,2020-04-26,93.84877652000296,Status.UNDER_CONTROL
Nassau,2020-04-27,104.57435097943187,Status.UNDER_CONTROL
Nassau,2020-04-28,116.52570537708122,Status.UNDER_CONTROL
Nassau,2020-04-29,129.84292884874765,Status.UNDER_CONTROL
Nassau,2020-04-30,144.68212071717596,Status.UNDER_CONTROL
Nassau,2020-05-01,161.21722022771036,Status.UNDER_CONTROL
Nassau,2020-05-02,179.64204539659153,Status.UNDER_CONTROL
Nassau,2020-05-03,200.1725648704877,Status.ABOVE_THRESHOULD
Nassau,2020-05-04,223.04942942711486,Status.ABOVE_THRESHOULD
Nassau,2020-05-05,248.5407927902137,Status.ABOVE_THRESHOULD
Nassau,2020-05-06,276.94545482338094,Status.ABOVE_THRESHOULD
Nassau,2020-05-07,308.59636394605303,Status.ABOVE_THRESHOULD
Nassau,2020-05-08,343.864519825602,Status.RED_ALERT
Nassau,2020-05-09,383.16332209138506,Status.RED_ALERT
Nassau,2020-05-10,426.9534160446862,Status.RED_ALERT
Nassau,2020-05-11,475.7480921640789,Status.RED_ALERT
Nassau,2020-05-12,530.1193026971165,Status.RED_ALERT
Nassau,2020-05-13,590.7043658625013,Status.RED_ALERT
Nassau,2020-05-14,658.2134362467872,Status.RED_ALERT
Nassau,2020-05-15,733.4378289607057,Status.RED_ALERT
Nassau,2020-05-16,817.2592951276436,Status.RED_ALERT
Nassau,2020-05-17,910.6603574279457,Status.RED_ALERT
Nassau,2020-05-18,1014.7358268482823,Status.RED_ALERT
Okaloosa,2020-04-19,131,Status.UNDER_CONTROL
Okaloosa,2020-04-20,146.87878787878788,Status.UNDER_CONTROL
Okaloosa,2020-04-21,164.68227731864096,Status.UNDER_CONTROL
Okaloosa,2020-04-22,184.6437654784762,Status.UNDER_CONTROL
Okaloosa,2020-04-23,207.02482796071575,Status.UNDER_CONTROL
Okaloosa,2020-04-24,232.11874650140857,Status.UNDER_CONTROL
Okaloosa,2020-04-25,260.25435213794293,Status.UNDER_CONTROL
Okaloosa,2020-04-26,291.80033421526934,Status.UNDER_CONTROL
Okaloosa,2020-04-27,327.17007169590806,Status.UNDER_CONTROL
Okaloosa,2020-04-28,366.8270500832909,Status.UNDER_CONTROL
Okaloosa,2020-04-29,411.29093494187157,Status.UNDER_CONTROL
Okaloosa,2020-04-30,461.14438160149234,Status.UNDER_CONTROL
Okaloosa,2020-05-01,517.0406702804611,Status.UNDER_CONTROL
Okaloosa,2020-05-02,579.7122666780928,Status.UNDER_CONTROL
Okaloosa,2020-05-03,649.9804202148313,Status.UNDER_CONTROL
Okaloosa,2020-05-04,728.7659256954169,Status.UNDER_CONTROL
Okaloosa,2020-05-05,817.1011894160735,Status.ABOVE_THRESHOULD
Okaloosa,2020-05-06,916.1437578301429,Status.ABOVE_THRESHOULD
Okaloosa,2020-05-07,1027.1914860519785,Status.ABOVE_THRESHOULD
Okaloosa,2020-05-08,1151.6995449673698,Status.ABOVE_THRESHOULD
Okaloosa,2020-05-09,1291.2994898118995,Status.RED_ALERT
Okaloosa,2020-05-10,1447.82064009213,Status.RED_ALERT
Okaloosa,2020-05-11,1623.314051012388,Status.RED_ALERT
Okaloosa,2020-05-12,1820.0793905290411,Status.RED_ALERT
Okaloosa,2020-05-13,2040.695074229531,Status.RED_ALERT
Okaloosa,2020-05-14,2288.05205292402,Status.RED_ALERT
Okaloosa,2020-05-15,2565.391695702689,Status.RED_ALERT
Okaloosa,2020-05-16,2876.3482648787726,Status.RED_ALERT
Okaloosa,2020-05-17,3224.996539409533,Status.RED_ALERT
Okaloosa,2020-05-18,3615.9052108531127,Status.RED_ALERT
Okaloosa,2020-05-19,4054.196751562581,Status.RED_ALERT
Orange,2020-04-19,1198,Status.UNDER_CONTROL
Orange,2020-04-20,1306.909090909091,Status.UNDER_CONTROL
Orange,2020-04-21,1425.719008264463,Status.UNDER_CONTROL
Orange,2020-04-22,1555.329827197596,Status.UNDER_CONTROL
Orange,2020-04-23,1696.7234478519229,Status.UNDER_CONTROL
Orange,2020-04-24,1850.9710340202796,Status.UNDER_CONTROL
Orange,2020-04-25,2019.2411280221231,Status.UNDER_CONTROL
Orange,2020-04-26,2202.8085032968615,Status.UNDER_CONTROL
Orange,2020-04-27,2403.0638217783944,Status.UNDER_CONTROL
Orange,2020-04-28,2621.524169212794,Status.UNDER_CONTROL
Orange,2020-04-29,2859.8445482321385,Status.UNDER_CONTROL
Orange,2020-04-30,3119.830416253242,Status.UNDER_CONTROL
Orange,2020-05-01,3403.451363185355,Status.UNDER_CONTROL
Orange,2020-05-02,3712.856032565842,Status.UNDER_CONTROL
Orange,2020-05-03,4050.3883991627367,Status.UNDER_CONTROL
Orange,2020-05-04,4418.605526359349,Status.UNDER_CONTROL
Orange,2020-05-05,4820.296937846562,Status.UNDER_CONTROL
Orange,2020-05-06,5258.505750378068,Status.UNDER_CONTROL
Orange,2020-05-07,5736.551727685165,Status.UNDER_CONTROL
Orange,2020-05-08,6258.056430201998,Status.ABOVE_THRESHOULD
Orange,2020-05-09,6826.970651129453,Status.ABOVE_THRESHOULD
Orange,2020-05-10,7447.604346686676,Status.ABOVE_THRESHOULD
Orange,2020-05-11,8124.659287294556,Status.ABOVE_THRESHOULD
Orange,2020-05-12,8863.264677048606,Status.ABOVE_THRESHOULD
Orange,2020-05-13,9669.016011325752,Status.RED_ALERT
Orange,2020-05-14,10548.01746690082,Status.RED_ALERT
Orange,2020-05-15,11506.928145709984,Status.RED_ALERT
Orange,2020-05-16,12553.01252259271,Status.RED_ALERT
Orange,2020-05-17,13694.195479192047,Status.RED_ALERT
Orange,2020-05-18,14939.12234093678,Status.RED_ALERT
Orange,2020-05-19,16297.224371931032,Status.RED_ALERT
Orange,2020-05-20,17778.790223924763,Status.RED_ALERT
Orange,2020-05-21,19395.043880645197,Status.RED_ALERT
Orange,2020-05-22,21158.229687976578,Status.RED_ALERT
Orange,2020-05-23,23081.705114156266,Status.RED_ALERT
Osceola,2020-04-19,409,Status.UNDER_CONTROL
Osceola,2020-04-20,450.94871794871796,Status.UNDER_CONTROL
Osceola,2020-04-21,497.19986850756084,Status.UNDER_CONTROL
Osceola,2020-04-22,548.1947268160286,Status.UNDER_CONTROL
Osceola,2020-04-23,604.419827002288,Status.UNDER_CONTROL
Osceola,2020-04-24,666.4116041307278,Status.UNDER_CONTROL
Osceola,2020-04-25,734.7615122466999,Status.ABOVE_THRESHOULD
Osceola,2020-04-26,810.1216673489255,Status.ABOVE_THRESHOULD
Osceola,2020-04-27,893.2110691283025,Status.ABOVE_THRESHOULD
Osceola,2020-04-28,984.8224608337694,Status.ABOVE_THRESHOULD
Osceola,2020-04-29,1085.829892714156,Status.ABOVE_THRESHOULD
Osceola,2020-04-30,1197.197061197659,Status.RED_ALERT
Osceola,2020-05-01,1319.9865033717779,Status.RED_ALERT
Osceola,2020-05-02,1455.369734486832,Status.RED_ALERT
Osceola,2020-05-03,1604.63842520343,Status.RED_ALERT
Osceola,2020-05-04,1769.2167252242946,Status.RED_ALERT
Osceola,2020-05-05,1950.6748508883247,Status.RED_ALERT
Osceola,2020-05-06,2150.7440663640505,Status.RED_ALERT
Osceola,2020-05-07,2371.333201375748,Status.RED_ALERT
Osceola,2020-05-08,2614.546863055312,Status.RED_ALERT
Osceola,2020-05-09,2882.7055156763695,Status.RED_ALERT
Osceola,2020-05-10,3178.367619848305,Status.RED_ALERT
Palm Beach,2020-04-19,2170,Status.UNDER_CONTROL
Palm Beach,2020-04-20,2441.25,Status.UNDER_CONTROL
Palm Beach,2020-04-21,2746.40625,Status.UNDER_CONTROL
Palm Beach,2020-04-22,3089.70703125,Status.UNDER_CONTROL
Palm Beach,2020-04-23,3475.92041015625,Status.UNDER_CONTROL
Palm Beach,2020-04-24,3910.4104614257812,Status.UNDER_CONTROL
Palm Beach,2020-04-25,4399.211769104004,Status.UNDER_CONTROL
Palm Beach,2020-04-26,4949.113240242004,Status.UNDER_CONTROL
Palm Beach,2020-04-27,5567.752395272255,Status.UNDER_CONTROL
Palm Beach,2020-04-28,6263.721444681287,Status.ABOVE_THRESHOULD
Palm Beach,2020-04-29,7046.686625266448,Status.ABOVE_THRESHOULD
Palm Beach,2020-04-30,7927.522453424754,Status.ABOVE_THRESHOULD
Palm Beach,2020-05-01,8918.462760102848,Status.ABOVE_THRESHOULD
Palm Beach,2020-05-02,10033.270605115704,Status.RED_ALERT
Palm Beach,2020-05-03,11287.429430755166,Status.RED_ALERT
Palm Beach,2020-05-04,12698.358109599561,Status.RED_ALERT
Palm Beach,2020-05-05,14285.652873299507,Status.RED_ALERT
Palm Beach,2020-05-06,16071.359482461945,Status.RED_ALERT
Palm Beach,2020-05-07,18080.27941776969,Status.RED_ALERT
Palm Beach,2020-05-08,20340.3143449909,Status.RED_ALERT
Palm Beach,2020-05-09,22882.853638114764,Status.RED_ALERT
Palm Beach,2020-05-10,25743.21034287911,Status.RED_ALERT
Palm Beach,2020-05-11,28961.111635739,Status.RED_ALERT
Palm Beach,2020-05-12,32581.25059020637,Status.RED_ALERT
Pasco,2020-04-19,205,Status.UNDER_CONTROL
Pasco,2020-04-20,224.52380952380952,Status.UNDER_CONTROL
Pasco,2020-04-21,245.90702947845804,Status.UNDER_CONTROL
Pasco,2020-04-22,269.32674657164455,Status.UNDER_CONTROL
Pasco,2020-04-23,294.97691291180115,Status.UNDER_CONTROL
Pasco,2020-04-24,323.0699522367346,Status.UNDER_CONTROL
Pasco,2020-04-25,353.8385191164236,Status.UNDER_CONTROL
Pasco,2020-04-26,387.5374256989401,Status.UNDER_CONTROL
Pasco,2020-04-27,424.445751955982,Status.UNDER_CONTROL
Pasco,2020-04-28,464.8691569041708,Status.UNDER_CONTROL
Pasco,2020-04-29,509.1424099426632,Status.UNDER_CONTROL
Pasco,2020-04-30,557.6321632705359,Status.UNDER_CONTROL
Pasco,2020-05-01,610.7399883439202,Status.UNDER_CONTROL
Pasco,2020-05-02,668.9057015195317,Status.UNDER_CONTROL
Pasco,2020-05-03,732.6110064261537,Status.UNDER_CONTROL
Pasco,2020-05-04,802.3834832286445,Status.UNDER_CONTROL
Pasco,2020-05-05,878.8009578218488,Status.UNDER_CONTROL
Pasco,2020-05-06,962.4962871382153,Status.UNDER_CONTROL
Pasco,2020-05-07,1054.1626001989978,Status.UNDER_CONTROL
Pasco,2020-05-08,1154.559038313188,Status.UNDER_CONTROL
Pasco,2020-05-09,1264.517041962063,Status.UNDER_CONTROL
Pasco,2020-05-10,1384.9472364346404,Status.UNDER_CONTROL
Pasco,2020-05-11,1516.8469732379394,Status.UNDER_CONTROL
Pasco,2020-05-12,1661.3085897367907,Status.ABOVE_THRESHOULD
Pasco,2020-05-13,1819.5284554260088,Status.ABOVE_THRESHOULD
Pasco,2020-05-14,1992.8168797522953,Status.ABOVE_THRESHOULD
Pasco,2020-05-15,2182.608963538228,Status.ABOVE_THRESHOULD
Pasco,2020-05-16,2390.476483875202,Status.ABOVE_THRESHOULD
Pasco,2020-05-17,2618.1409109109354,Status.RED_ALERT
Pasco,2020-05-18,2867.4876643310245,Status.RED_ALERT
Pasco,2020-05-19,3140.581727600646,Status.RED_ALERT
Pasco,2020-05-20,3439.684749276898,Status.RED_ALERT
Pasco,2020-05-21,3767.273773017555,Status.RED_ALERT
Pasco,2020-05-22,4126.061751400179,Status.RED_ALERT
Pasco,2020-05-23,4519.020013438291,Status.RED_ALERT
Pasco,2020-05-24,4949.402871860985,Status.RED_ALERT
Pasco,2020-05-25,5420.774573942984,Status.RED_ALERT
Pasco,2020-05-26,5937.038819080411,Status.RED_ALERT
Pasco,2020-05-27,6502.4710875642595,Status.RED_ALERT
Pinellas,2020-04-19,592,Status.UNDER_CONTROL
Pinellas,2020-04-20,659.6571428571428,Status.UNDER_CONTROL
Pinellas,2020-04-21,735.0465306122449,Status.UNDER_CONTROL
Pinellas,2020-04-22,819.0518483965014,Status.UNDER_CONTROL
Pinellas,2020-04-23,912.6577739275301,Status.UNDER_CONTROL
Pinellas,2020-04-24,1016.9615195192479,Status.UNDER_CONTROL
Pinellas,2020-04-25,1133.1856931785906,Status.UNDER_CONTROL
Pinellas,2020-04-26,1262.692629541858,Status.UNDER_CONTROL
Pinellas,2020-04-27,1407.000358632356,Status.UNDER_CONTROL
Pinellas,2020-04-28,1567.800399618911,Status.UNDER_CONTROL
Pinellas,2020-04-29,1746.9775881467865,Status.UNDER_CONTROL
Pinellas,2020-04-30,1946.6321696492764,Status.UNDER_CONTROL
Pinellas,2020-05-01,2169.1044176091937,Status.UNDER_CONTROL
Pinellas,2020-05-02,2417.002065335959,Status.UNDER_CONTROL
Pinellas,2020-05-03,2693.2308728029257,Status.UNDER_CONTROL
Pinellas,2020-05-04,3001.0286868375456,Status.UNDER_CONTROL
Pinellas,2020-05-05,3344.0033939046934,Status.UNDER_CONTROL
Pinellas,2020-05-06,3726.1752103509443,Status.UNDER_CONTROL
Pinellas,2020-05-07,4152.023805819624,Status.UNDER_CONTROL
Pinellas,2020-05-08,4626.540812199009,Status.ABOVE_THRESHOULD
Pinellas,2020-05-09,5155.288333593182,Status.ABOVE_THRESHOULD
Pinellas,2020-05-10,5744.464143146688,Status.ABOVE_THRESHOULD
Pinellas,2020-05-11,6400.9743309348805,Status.ABOVE_THRESHOULD
Pinellas,2020-05-12,7132.514254470296,Status.RED_ALERT
Pinellas,2020-05-13,7947.658740695472,Status.RED_ALERT
Pinellas,2020-05-14,8855.962596774954,Status.RED_ALERT
Pinellas,2020-05-15,9868.072607834949,Status.RED_ALERT
Pinellas,2020-05-16,10995.852334444657,Status.RED_ALERT
Pinellas,2020-05-17,12252.521172666904,Status.RED_ALERT
Pinellas,2020-05-18,13652.809306685978,Status.RED_ALERT
Pinellas,2020-05-19,15213.130370307234,Status.RED_ALERT
Pinellas,2020-05-20,16951.773841199487,Status.RED_ALERT
Pinellas,2020-05-21,18889.119423050855,Status.RED_ALERT
Pinellas,2020-05-22,21047.87592854238,Status.RED_ALERT
Polk,2020-04-19,326,Status.UNDER_CONTROL
Polk,2020-04-20,359.43589743589746,Status.UNDER_CONTROL
Polk,2020-04-21,396.3011176857331,Status.UNDER_CONTROL
Polk,2020-04-22,436.9473861663211,Status.UNDER_CONTROL
Polk,2020-04-23,481.7625026962002,Status.UNDER_CONTROL
Polk,2020-04-24,531.174041434272,Status.UNDER_CONTROL
Polk,2020-04-25,585.6534302993256,Status.UNDER_CONTROL
Polk,2020-04-26,645.7204487915641,Status.UNDER_CONTROL
Polk,2020-04-27,711.9481871291604,Status.UNDER_CONTROL
Polk,2020-04-28,784.9685140142025,Status.UNDER_CONTROL
Polk,2020-04-29,865.4781051951463,Status.UNDER_CONTROL
Polk,2020-04-30,954.2450903433664,Status.UNDER_CONTROL
Polk,2020-05-01,1052.1163816606347,Status.UNDER_CONTROL
Polk,2020-05-02,1160.0257541386486,Status.UNDER_CONTROL
Polk,2020-05-03,1279.0027545631253,Status.UNDER_CONTROL
Polk,2020-05-04,1410.1825242619075,Status.UNDER_CONTROL
Polk,2020-05-05,1554.8166293144109,Status.UNDER_CONTROL
Polk,2020-05-06,1714.2850015517863,Status.ABOVE_THRESHOULD
Polk,2020-05-07,1890.1091042750463,Status.ABOVE_THRESHOULD
Polk,2020-05-08,2083.966448303256,Status.ABOVE_THRESHOULD
Polk,2020-05-09,2297.7065968471798,Status.ABOVE_THRESHOULD
Polk,2020-05-10,2533.368811908429,Status.ABOVE_THRESHOULD
Polk,2020-05-11,2793.2015105657038,Status.RED_ALERT
Polk,2020-05-12,3079.6837167775707,Status.RED_ALERT
Polk,2020-05-13,3395.548713370142,Status.RED_ALERT
Polk,2020-05-14,3743.810119869644,Status.RED_ALERT
Polk,2020-05-15,4127.7906449844795,Status.RED_ALERT
Polk,2020-05-16,4551.153788059811,Status.RED_ALERT
Polk,2020-05-17,5017.938791963381,Status.RED_ALERT
Polk,2020-05-18,5532.599180882702,Status.RED_ALERT
Polk,2020-05-19,6100.045250716826,Status.RED_ALERT
Polk,2020-05-20,6725.690917457013,Status.RED_ALERT
Polk,2020-05-21,7415.505370529527,Status.RED_ALERT
Putnam,2020-04-19,56,Status.UNDER_CONTROL
Putnam,2020-04-20,63.46666666666667,Status.UNDER_CONTROL
Putnam,2020-04-21,71.92888888888889,Status.UNDER_CONTROL
Putnam,2020-04-22,81.51940740740741,Status.UNDER_CONTROL
Putnam,2020-04-23,92.38866172839506,Status.UNDER_CONTROL
Putnam,2020-04-24,104.70714995884774,Status.UNDER_CONTROL
Putnam,2020-04-25,118.6681032866941,Status.UNDER_CONTROL
Putnam,2020-04-26,134.49051705825332,Status.UNDER_CONTROL
Putnam,2020-04-27,152.42258599935377,Status.UNDER_CONTROL
Putnam,2020-04-28,172.74559746593428,Status.ABOVE_THRESHOULD
Putnam,2020-04-29,195.77834379472552,Status.ABOVE_THRESHOULD
Putnam,2020-04-30,221.8821229673556,Status.ABOVE_THRESHOULD
Putnam,2020-05-01,251.46640602966968,Status.ABOVE_THRESHOULD
Putnam,2020-05-02,284.995260166959,Status.RED_ALERT
Putnam,2020-05-03,322.9946281892202,Status.RED_ALERT
Putnam,2020-05-04,366.0605786144495,Status.RED_ALERT
Putnam,2020-05-05,414.8686557630428,Status.RED_ALERT
Putnam,2020-05-06,470.1844765314485,Status.RED_ALERT
Putnam,2020-05-07,532.875740068975,Status.RED_ALERT
Putnam,2020-05-08,603.9258387448383,Status.RED_ALERT
Putnam,2020-05-09,684.4492839108168,Status.RED_ALERT
Putnam,2020-05-10,775.709188432259,Status.RED_ALERT
Putnam,2020-05-11,879.1370802232268,Status.RED_ALERT
Putnam,2020-05-12,996.3553575863237,Status.RED_ALERT
Santa Rosa,2020-04-19,138,Status.UNDER_CONTROL
Santa Rosa,2020-04-20,151.8,Status.UNDER_CONTROL
Santa Rosa,2020-04-21,166.98000000000002,Status.UNDER_CONTROL
Santa Rosa,2020-04-22,183.67800000000003,Status.UNDER_CONTROL
Santa Rosa,2020-04-23,202.04580000000004,Status.UNDER_CONTROL
Santa Rosa,2020-04-24,222.25038000000006,Status.UNDER_CONTROL
Santa Rosa,2020-04-25,244.47541800000008,Status.UNDER_CONTROL
Santa Rosa,2020-04-26,268.92295980000006,Status.UNDER_CONTROL
Santa Rosa,2020-04-27,295.8152557800001,Status.UNDER_CONTROL
Santa Rosa,2020-04-28,325.3967813580001,Status.UNDER_CONTROL
Santa Rosa,2020-04-29,357.9364594938001,Status.UNDER_CONTROL
Santa Rosa,2020-04-30,393.7301054431801,Status.UNDER_CONTROL
Santa Rosa,2020-05-01,433.1031159874981,Status.UNDER_CONTROL
Santa Rosa,2020-05-02,476.4134275862479,Status.UNDER_CONTROL
Santa Rosa,2020-05-03,524.0547703448727,Status.UNDER_CONTROL
Santa Rosa,2020-05-04,576.46024737936,Status.UNDER_CONTROL
Santa Rosa,2020-05-05,634.106272117296,Status.ABOVE_THRESHOULD
Santa Rosa,2020-05-06,697.5168993290256,Status.ABOVE_THRESHOULD
Santa Rosa,2020-05-07,767.2685892619281,Status.ABOVE_THRESHOULD
Santa Rosa,2020-05-08,843.9954481881209,Status.ABOVE_THRESHOULD
Santa Rosa,2020-05-09,928.394993006933,Status.ABOVE_THRESHOULD
Santa Rosa,2020-05-10,1021.2344923076263,Status.RED_ALERT
Santa Rosa,2020-05-11,1123.357941538389,Status.RED_ALERT
Santa Rosa,2020-05-12,1235.6937356922278,Status.RED_ALERT
Santa Rosa,2020-05-13,1359.2631092614506,Status.RED_ALERT
Santa Rosa,2020-05-14,1495.1894201875957,Status.RED_ALERT
Santa Rosa,2020-05-15,1644.7083622063553,Status.RED_ALERT
Santa Rosa,2020-05-16,1809.1791984269908,Status.RED_ALERT
Santa Rosa,2020-05-17,1990.0971182696899,Status.RED_ALERT
Santa Rosa,2020-05-18,2189.106830096659,Status.RED_ALERT
Santa Rosa,2020-05-19,2408.0175131063247,Status.RED_ALERT
Santa Rosa,2020-05-20,2648.819264416957,Status.RED_ALERT
Sarasota,2020-04-19,284,Status.UNDER_CONTROL
Sarasota,2020-04-20,313.12820512820514,Status.UNDER_CONTROL
Sarasota,2020-04-21,345.2439184746877,Status.UNDER_CONTROL
Sarasota,2020-04-22,380.6535511387582,Status.UNDER_CONTROL
Sarasota,2020-04-23,419.6949409991436,Status.UNDER_CONTROL
Sarasota,2020-04-24,462.74057597341476,Status.UNDER_CONTROL
Sarasota,2020-04-25,510.20114786812394,Status.UNDER_CONTROL
Sarasota,2020-04-26,562.529470726393,Status.UNDER_CONTROL
Sarasota,2020-04-27,620.2248010573051,Status.UNDER_CONTROL
Sarasota,2020-04-28,683.8376011657466,Status.UNDER_CONTROL
Sarasota,2020-04-29,753.9747910289001,Status.UNDER_CONTROL
Sarasota,2020-04-30,831.305538826736,Status.UNDER_CONTROL
Sarasota,2020-05-01,916.5676453730679,Status.UNDER_CONTROL
Sarasota,2020-05-02,1010.5745833600492,Status.UNDER_CONTROL
Sarasota,2020-05-03,1114.2232585764646,Status.UNDER_CONTROL
Sarasota,2020-05-04,1228.5025671484095,Status.UNDER_CONTROL
Sarasota,2020-05-05,1354.5028304456823,Status.UNDER_CONTROL
Sarasota,2020-05-06,1493.4261976708806,Status.UNDER_CONTROL
Sarasota,2020-05-07,1646.5981153807145,Status.ABOVE_THRESHOULD
Sarasota,2020-05-08,1815.4799733684802,Status.ABOVE_THRESHOULD
Sarasota,2020-05-09,2001.6830475601191,Status.ABOVE_THRESHOULD
Sarasota,2020-05-10,2206.9838729509006,Status.ABOVE_THRESHOULD
Sarasota,2020-05-11,2433.341193253557,Status.ABOVE_THRESHOULD
Sarasota,2020-05-12,2682.9146489718705,Status.RED_ALERT
Sarasota,2020-05-13,2958.085382199755,Status.RED_ALERT
Sarasota,2020-05-14,3261.478754733063,Status.RED_ALERT
Sarasota,2020-05-15,3595.9893962441465,Status.RED_ALERT
Sarasota,2020-05-16,3964.8088214999566,Status.RED_ALERT
Sarasota,2020-05-17,4371.455880115337,Status.RED_ALERT
Sarasota,2020-05-18,4819.810329357936,Status.RED_ALERT
Sarasota,2020-05-19,5314.1498503177245,Status.RED_ALERT
Sarasota,2020-05-20,5859.190860606722,Status.RED_ALERT
Sarasota,2020-05-21,6460.133512976642,Status.RED_ALERT
Sarasota,2020-05-22,7122.711309179374,Status.RED_ALERT
Seminole,2020-04-19,320,Status.UNDER_CONTROL
Seminole,2020-04-20,351.219512195122,Status.UNDER_CONTROL
Seminole,2020-04-21,385.4848304580607,Status.UNDER_CONTROL
Seminole,2020-04-22,423.09310660031053,Status.UNDER_CONTROL
Seminole,2020-04-23,464.37048285399936,Status.UNDER_CONTROL
Seminole,2020-04-24,509.67492020560906,Status.UNDER_CONTROL
Seminole,2020-04-25,559.3993026646929,Status.UNDER_CONTROL
Seminole,2020-04-26,613.9748443880776,Status.UNDER_CONTROL
Seminole,2020-04-27,673.8748292064266,Status.UNDER_CONTROL
Seminole,2020-04-28,739.6187149826634,Status.UNDER_CONTROL
Seminole,2020-04-29,811.7766383956061,Status.UNDER_CONTROL
Seminole,2020-04-30,890.9743592146897,Status.UNDER_CONTROL
Seminole,2020-05-01,977.898686942952,Status.UNDER_CONTROL
Seminole,2020-05-02,1073.303436888606,Status.UNDER_CONTROL
Seminole,2020-05-03,1178.0159673167627,Status.UNDER_CONTROL
Seminole,2020-05-04,1292.9443543720568,Status.UNDER_CONTROL
Seminole,2020-05-05,1419.0852669937208,Status.UNDER_CONTROL
Seminole,2020-05-06,1557.5326101150595,Status.UNDER_CONTROL
Seminole,2020-05-07,1709.4870111018945,Status.UNDER_CONTROL
Seminole,2020-05-08,1876.2662316972012,Status.ABOVE_THRESHOULD
Seminole,2020-05-09,2059.316595765221,Status.ABOVE_THRESHOULD
Seminole,2020-05-10,2260.2255319374376,Status.ABOVE_THRESHOULD
Seminole,2020-05-11,2480.735339931334,Status.ABOVE_THRESHOULD
Seminole,2020-05-12,2722.7582999246347,Status.ABOVE_THRESHOULD
Seminole,2020-05-13,2988.393256014843,Status.RED_ALERT
Seminole,2020-05-14,3279.9438175772666,Status.RED_ALERT
Seminole,2020-05-15,3599.938336365293,Status.RED_ALERT
Seminole,2020-05-16,3951.1518325960533,Status.RED_ALERT
Seminole,2020-05-17,4336.6300601664,Status.RED_ALERT
Seminole,2020-05-18,4759.715919694829,Status.RED_ALERT
Seminole,2020-05-19,5224.0784484455435,Status.RED_ALERT
Seminole,2020-05-20,5733.744638537792,Status.RED_ALERT
Seminole,2020-05-21,6293.134359370747,Status.RED_ALERT
Seminole,2020-05-22,6907.098687114234,Status.RED_ALERT
Seminole,2020-05-23,7580.961973661964,Status.RED_ALERT
St. Lucie,2020-04-19,202,Status.UNDER_CONTROL
St. Lucie,2020-04-20,226.4848484848485,Status.UNDER_CONTROL
St. Lucie,2020-04-21,253.93755739210286,Status.UNDER_CONTROL
St. Lucie,2020-04-22,284.7178673790244,Status.UNDER_CONTROL
St. Lucie,2020-04-23,319.22912403102737,Status.UNDER_CONTROL
St. Lucie,2020-04-24,357.92356330751556,Status.UNDER_CONTROL
St. Lucie,2020-04-25,401.3082376478205,Status.UNDER_CONTROL
St. Lucie,2020-04-26,449.95166039301085,Status.UNDER_CONTROL
St. Lucie,2020-04-27,504.49125559216367,Status.UNDER_CONTROL
St. Lucie,2020-04-28,565.6417108154562,Status.UNDER_CONTROL
St. Lucie,2020-04-29,634.2043424294509,Status.ABOVE_THRESHOULD
St. Lucie,2020-04-30,711.0775960572631,Status.ABOVE_THRESHOULD
St. Lucie,2020-05-01,797.2688198217799,Status.ABOVE_THRESHOULD
St. Lucie,2020-05-02,893.9074646486623,Status.ABOVE_THRESHOULD
St. Lucie,2020-05-03,1002.259884606076,Status.RED_ALERT
St. Lucie,2020-05-04,1123.7459312249944,Status.RED_ALERT
St. Lucie,2020-05-05,1259.9575592522665,Status.RED_ALERT
St. Lucie,2020-05-06,1412.6796876464807,Status.RED_ALERT
St. Lucie,2020-05-07,1583.9135891793876,Status.RED_ALERT
St. Lucie,2020-05-08,1775.9031151405254,Status.RED_ALERT
St. Lucie,2020-05-09,1991.1640987939224,Status.RED_ALERT
St. Lucie,2020-05-10,2232.5173228901554,Status.RED_ALERT
St. Lucie,2020-05-11,2503.1254832404775,Status.RED_ALERT
St. Lucie,2020-05-12,2806.534632724172,Status.RED_ALERT
St. Lucie,2020-05-13,3146.72064881195,Status.RED_ALERT
Sumter,2020-04-19,147,Status.UNDER_CONTROL
Sumter,2020-04-20,164.2941176470588,Status.UNDER_CONTROL
Sumter,2020-04-21,183.6228373702422,Status.UNDER_CONTROL
Sumter,2020-04-22,205.22552411968246,Status.UNDER_CONTROL
Sumter,2020-04-23,229.3697034278804,Status.UNDER_CONTROL
Sumter,2020-04-24,256.35437441939575,Status.ABOVE_THRESHOULD
Sumter,2020-04-25,286.51371258638346,Status.ABOVE_THRESHOULD
Sumter,2020-04-26,320.2212081847815,Status.ABOVE_THRESHOULD
Sumter,2020-04-27,357.8942915006382,Status.ABOVE_THRESHOULD
Sumter,2020-04-28,399.99950226541915,Status.RED_ALERT
Sumter,2020-04-29,447.0582672378214,Status.RED_ALERT
Sumter,2020-04-30,499.6533575010945,Status.RED_ALERT
Sumter,2020-05-01,558.4361054423997,Status.RED_ALERT
Sumter,2020-05-02,624.1344707885644,Status.RED_ALERT
Sumter,2020-05-03,697.562055587219,Status.RED_ALERT
Sumter,2020-05-04,779.6281797739506,Status.RED_ALERT
Sumter,2020-05-05,871.3491421002977,Status.RED_ALERT
Sumter,2020-05-06,973.8608058768034,Status.RED_ALERT
Sumter,2020-05-07,1088.4326653917215,Status.RED_ALERT
Sumter,2020-05-08,1216.4835672025122,Status.RED_ALERT
Suwannee,2020-04-19,98,Status.RED_ALERT
Suwannee,2020-04-20,111.06666666666666,Status.RED_ALERT
Suwannee,2020-04-21,125.87555555555555,Status.RED_ALERT
Suwannee,2020-04-22,142.65896296296296,Status.RED_ALERT
Suwannee,2020-04-23,161.68015802469137,Status.RED_ALERT
Suwannee,2020-04-24,183.23751242798355,Status.RED_ALERT
Suwannee,2020-04-25,207.6691807517147,Status.RED_ALERT
Suwannee,2020-04-26,235.3584048519433,Status.RED_ALERT
Suwannee,2020-04-27,266.73952549886906,Status.RED_ALERT
Suwannee,2020-04-28,302.30479556538495,Status.RED_ALERT
Suwannee,2020-04-29,342.6121016407696,Status.RED_ALERT
Volusia,2020-04-19,333,Status.UNDER_CONTROL
Volusia,2020-04-20,396.42857142857144,Status.UNDER_CONTROL
Volusia,2020-04-21,471.9387755102041,Status.UNDER_CONTROL
Volusia,2020-04-22,561.8318756073859,Status.UNDER_CONTROL
Volusia,2020-04-23,668.8474709611737,Status.UNDER_CONTROL
Volusia,2020-04-24,796.2469892394924,Status.UNDER_CONTROL
Volusia,2020-04-25,947.9130824279672,Status.UNDER_CONTROL
Volusia,2020-04-26,1128.4679552713894,Status.UNDER_CONTROL
Volusia,2020-04-27,1343.4142324659397,Status.UNDER_CONTROL
Volusia,2020-04-28,1599.3026576975471,Status.UNDER_CONTROL
Volusia,2020-04-29,1903.9317353542228,Status.ABOVE_THRESHOULD
Volusia,2020-04-30,2266.5853992312177,Status.ABOVE_THRESHOULD
Volusia,2020-05-01,2698.3159514657355,Status.ABOVE_THRESHOULD
Volusia,2020-05-02,3212.280894602066,Status.RED_ALERT
Volusia,2020-05-03,3824.1439221453165,Status.RED_ALERT
Volusia,2020-05-04,4552.552288268234,Status.RED_ALERT
Volusia,2020-05-05,5419.7051050812315,Status.RED_ALERT
Volusia,2020-05-06,6452.029887001466,Status.RED_ALERT
Volusia,2020-05-07,7680.987960716031,Status.RED_ALERT
Volusia,2020-05-08,9144.033286566704,Status.RED_ALERT
Volusia,2020-05-09,10885.75391257941,Status.RED_ALERT
Volusia,2020-05-10,12959.230848308822,Status.RED_ALERT
Volusia,2020-05-11,15427.655771796217,Status.RED_ALERT
Volusia,2020-05-12,18366.25687118597,Status.RED_ALERT
